"name","word","count"
"spring","spring",3570
"fashion","fashion",3286
"ss","ss",2756
"nyc","nyc",2684
"fashionweek","fashionweek",2073
"y","y",1120
"runway","runway",803
"backstage","backstage",799
"style","style",723
"newyork","newyork",670
"adidas","adidas",556
"fonyfw","fonyfw",426
"streetstyle","streetstyle",403
"lincolncenter","lincolncenter",365
"tresmbfw","tresmbfw",328
"models","models",299
"newyorkfashionweek","newyorkfashionweek",280
"ny","ny",274
"dkny","dkny",243
"rtw","rtw",235
"rmspring","rmspring",231
"show","show",227
"ainyc","ainyc",221
"desigual","desigual",217
"thecrypticbeauty","thecrypticbeauty",215
"noonbynoor","noonbynoor",205
"model","model",198
"nyfashionweek","nyfashionweek",194
"beauty","beauty",192
"frontrow","frontrow",188
"projectrunway","projectrunway",187
"hair","hair",185
"love","love",179
"makeup","makeup",168
"menswear","menswear",167
"mbfashionweek","mbfashionweek",164
"herveleger","herveleger",163
"fashion…","fashion…",163
"ootd","ootd",161
"tadashishoji","tadashishoji",154
"sonjungwan","sonjungwan",151
"fashionshow","fashionshow",150
"nyfw…","nyfw…",140
"trends","trends",138
"dvf","dvf",137
"styledtorock","styledtorock",134
"bcbg","bcbg",134
"zapposrecharge","zapposrecharge",132
"nicholask","nicholask",132
"teamftc","teamftc",132
"strutmoms","strutmoms",128
"regram","regram",126
"beckssapphire","beckssapphire",123
"custobarcelona","custobarcelona",120
"bcbgmaxazria","bcbgmaxazria",117
"day","day",116
"lacoste","lacoste",116
"markandestel","markandestel",114
"rebeccaminkoff","rebeccaminkoff",111
"jillstuart","jillstuart",108
"nowfashion","nowfashion",107
"marahoffman","marahoffman",106
"catwalklivetvreminder","catwalklivetvreminder",102
"nautica","nautica",101
"live","live",96
"nyc…","nyc…",96
"kentonfw","kentonfw",96
"jasonwu","jasonwu",95
"mercedesbenzfashionweek","mercedesbenzfashionweek",95
"tbt","tbt",95
"richardchai","richardchai",94
"designer","designer",91
"newpost","newpost",91
"womenswear","womenswear",90
"fall","fall",88
"mingle","mingle",87
"tracyreese","tracyreese",85
"white","white",84
"supima","supima",82
"alexanderwang","alexanderwang",80
"shoes","shoes",79
"nicolemiller","nicolemiller",79
"fw","fw",79
"blogger","blogger",78
"flycatcha","flycatcha",78
"fashionweek…","fashionweek…",77
"latergram","latergram",75
"girls","girls",72
"annawintour","annawintour",72
"mercedesbenz","mercedesbenz",71
"kenjonesny","kenjonesny",71
"venexiana","venexiana",69
"manchic","manchic",68
"ruffian","ruffian",67
"sweetliberation","sweetliberation",67
"nails","nails",66
"fashionblogger","fashionblogger",65
"ralphrucci","ralphrucci",64
"llistakesny","llistakesny",63
